T,no,yes
1,0,5
2,0,6.66666666667
3,0,6.66666666667
4,0,6.66666666667
5,0,7.5
6,0,7.5
7,0,7.5
8,0,7.5