T,no,yes
16,0,4.58083333333
15Ü,0,4.58083333333
15,0,4.58083333333
14,0,4.58083333333
13Ü,0,4.58083333333
13,0,4.58083333333
12,0,4.58083333333
11,0,4.58083333333
10,0,4.58083333333
9b,0,4.58083333333
9a,0,4.58083333333
8,0,6.8675
7,0,6.8675
6,0,6.8675
5,0,6.8675
4,0,6.80333333333
3,0,6.80333333333
2Ü,0,6.80333333333
2,0,6.80333333333
1,0,6.80333333333