T,no,yes
1,0,8.33333
2,0,8.33333
3,0,8.33333
4,0,8.33333
5,0,8.33333
6,0,8.33333
7,0,8.33333
8,0,8.33333
9,0,7.91666667
10,0,7.91666667
11,0,7.91666667
12,0,5.41666667
13,0,5.41666667
14,0,4.16666667
15,0,4.16666667